"nameAdj","anger","disgust","sadness","fear","anticipation","surprise","trust","joy"
"Caribou Coffee","0.764705882352941","0.352941176470588","0.823529411764706","0.647058823529412","2.58823529411765","0.941176470588235","2.76470588235294","3.17647058823529"
"Dunkin' Donuts","1.06369426751592","0.75796178343949","0.961783439490446","0.796178343949045","2.78980891719745","1.25477707006369","2.64968152866242","2.68152866242038"
"Einstein Bros Bagels","1","0.111111111111111","0.666666666666667","0.444444444444444","3.11111111111111","1.44444444444444","3.33333333333333","2.66666666666667"
"Espressamente Illy","0.529411764705882","0.411764705882353","0.764705882352941","0.588235294117647","2.35294117647059","1.11764705882353","2.23529411764706","2.41176470588235"
"Krispy Kreme Doughnuts","1.46666666666667","0.866666666666667","0.8","0.933333333333333","3.73333333333333","2","2.93333333333333","3.26666666666667"
"Other","0.926389222997354","0.660091412076016","1.04041375992302","0.806591291796969","3.16815010825114","1.63002165022853","3.56483040654318","3.8587923983642"
"Starbucks","0.692675159235669","0.565286624203822","0.780254777070064","0.619426751592357","2.14171974522293","0.751592356687898","2.07643312101911","1.87738853503185"
"all","0.9012","0.649","1.0022","0.7812","3.0242","1.5046","3.3396","3.5618"
